<?xml version="1.0"?>
<Runs Version="1" Minor="0">
	<Run Id="main_AXI_to_vga_0_0_synth_1" LaunchDir="C:/Users/Andrea/OneDrive/Documents/Vivado/Final/AXI_vga_pattern_generator/AXI_vga_pattern_generator.runs/main_AXI_to_vga_0_0_synth_1" FlowId="Vivado_Synthesis" FromStepId="vivado" ToStepId="vivado"/>
	<Run Id="main_vga_struct_0_0_synth_1" LaunchDir="C:/Users/Andrea/OneDrive/Documents/Vivado/Final/AXI_vga_pattern_generator/AXI_vga_pattern_generator.runs/main_vga_struct_0_0_synth_1" FlowId="Vivado_Synthesis" FromStepId="vivado" ToStepId="vivado"/>
	<Run Id="main_clk_wiz_0_0_synth_1" LaunchDir="C:/Users/Andrea/OneDrive/Documents/Vivado/Final/AXI_vga_pattern_generator/AXI_vga_pattern_generator.runs/main_clk_wiz_0_0_synth_1" FlowId="Vivado_Synthesis" FromStepId="vivado" ToStepId="vivado"/>
	<Run Id="main_processing_system7_0_0_synth_1" LaunchDir="C:/Users/Andrea/OneDrive/Documents/Vivado/Final/AXI_vga_pattern_generator/AXI_vga_pattern_generator.runs/main_processing_system7_0_0_synth_1" FlowId="Vivado_Synthesis" FromStepId="vivado" ToStepId="vivado"/>
	<Run Id="main_auto_pc_0_synth_1" LaunchDir="C:/Users/Andrea/OneDrive/Documents/Vivado/Final/AXI_vga_pattern_generator/AXI_vga_pattern_generator.runs/main_auto_pc_0_synth_1" FlowId="Vivado_Synthesis" FromStepId="vivado" ToStepId="vivado"/>
	<Run Id="main_rst_ps7_0_100M_0_synth_1" LaunchDir="C:/Users/Andrea/OneDrive/Documents/Vivado/Final/AXI_vga_pattern_generator/AXI_vga_pattern_generator.runs/main_rst_ps7_0_100M_0_synth_1" FlowId="Vivado_Synthesis" FromStepId="vivado" ToStepId="vivado"/>
	<Run Id="synth_1" LaunchDir="C:/Users/Andrea/OneDrive/Documents/Vivado/Final/AXI_vga_pattern_generator/AXI_vga_pattern_generator.runs/synth_1" FlowId="Vivado_Synthesis" FromStepId="vivado" ToStepId="vivado">
		<Parent Id="main_AXI_to_vga_0_0_synth_1"/>
		<Parent Id="main_vga_struct_0_0_synth_1"/>
		<Parent Id="main_clk_wiz_0_0_synth_1"/>
		<Parent Id="main_processing_system7_0_0_synth_1"/>
		<Parent Id="main_auto_pc_0_synth_1"/>
		<Parent Id="main_rst_ps7_0_100M_0_synth_1"/>
	</Run>
</Runs>

